ID,NAME,TYPE,CATEGORY,UNIT_OF_MEASURE,LEAD_TIME_DAYS,UNIT_COST,UNIT_PRICE
SKU006,Silicon Wafer 300mm,RAW_MATERIAL,SEMICONDUCTOR,UNIT,21,12.0,18.0
SKU007,Display Glass Panel 6.5in,RAW_MATERIAL,GLASS,UNIT,14,22.0,32.0
SKU008,Lithium Ion Cells 18650,RAW_MATERIAL,CHEMICAL,UNIT,10,2.5,4.0
SKU009,NAND Flash Memory Die,RAW_MATERIAL,SEMICONDUCTOR,UNIT,18,8.0,12.0
SKU001,Mobile Processor A15,COMPONENT,PROCESSOR,UNIT,14,45.0,75.0
SKU002,OLED Display Panel 6.1,COMPONENT,DISPLAY,UNIT,10,65.0,95.0
SKU003,Lithium Battery Pack 4500mAh,COMPONENT,BATTERY,UNIT,7,18.0,28.0
SKU004,ProPhone X1,FINISHED_GOOD,SMARTPHONE,UNIT,5,180.0,799.0
SKU005,ProTab T1,FINISHED_GOOD,TABLET,UNIT,5,220.0,599.0
