supplier_id,product_id,period_id,nominal_capacity_usd
1,1,1,560000000.0
1,1,2,563200000.0
1,1,3,566400000.0
1,1,4,569600000.0
1,1,5,572800000.0
1,1,6,576000000.0
1,1,7,579200000.0
1,1,8,582400000.0
1,1,9,585600000.0
1,1,10,588800000.0
1,1,11,592000000.0
1,1,12,595200000.0
1,1,13,598400000.0
1,1,14,601600000.0
1,1,15,604800000.0
1,1,16,608000000.0
1,1,17,611200000.0
1,1,18,614400000.0
1,1,19,617600000.0
1,1,20,620800000.0
1,1,21,624000000.0
1,1,22,627200000.0
1,1,23,630400000.0
1,1,24,633600000.0
1,1,25,636800000.0
1,1,26,640000000.0
1,1,27,643200000.0
1,1,28,646400000.0
1,1,29,649600000.0
1,1,30,652800000.0
1,1,31,656000000.0
1,1,32,659200000.0
1,1,33,662400000.0
1,1,34,665600000.0
1,1,35,668800000.0
1,1,36,672000000.0
2,1,1,373333333.33
2,1,2,375466666.67
2,1,3,377600000.0
2,1,4,379733333.33
2,1,5,381866666.67
2,1,6,384000000.0
2,1,7,386133333.33
2,1,8,388266666.67
2,1,9,390400000.0
2,1,10,392533333.33
2,1,11,394666666.67
2,1,12,396800000.0
2,1,13,398933333.33
2,1,14,401066666.67
2,1,15,403200000.0
2,1,16,405333333.33
2,1,17,407466666.67
2,1,18,409600000.0
2,1,19,411733333.33
2,1,20,413866666.67
2,1,21,416000000.0
2,1,22,418133333.33
2,1,23,420266666.67
2,1,24,422400000.0
2,1,25,424533333.33
2,1,26,426666666.67
2,1,27,428800000.0
2,1,28,430933333.33
2,1,29,433066666.67
2,1,30,435200000.0
2,1,31,437333333.33
2,1,32,439466666.67
2,1,33,441600000.0
2,1,34,443733333.33
2,1,35,445866666.67
2,1,36,448000000.0
1,2,1,170000000.0
1,2,2,170971428.57
1,2,3,171942857.14
1,2,4,172914285.71
1,2,5,173885714.29
1,2,6,174857142.86
1,2,7,175828571.43
1,2,8,176800000.0
1,2,9,177771428.57
1,2,10,178742857.14
1,2,11,179714285.71
1,2,12,180685714.29
1,2,13,181657142.86
1,2,14,182628571.43
1,2,15,183600000.0
1,2,16,184571428.57
1,2,17,185542857.14
1,2,18,186514285.71
1,2,19,187485714.29
1,2,20,188457142.86
1,2,21,189428571.43
1,2,22,190400000.0
1,2,23,191371428.57
1,2,24,192342857.14
1,2,25,193314285.71
1,2,26,194285714.29
1,2,27,195257142.86
1,2,28,196228571.43
1,2,29,197200000.0
1,2,30,198171428.57
1,2,31,199142857.14
1,2,32,200114285.71
1,2,33,201085714.29
1,2,34,202057142.86
1,2,35,203028571.43
1,2,36,204000000.0
3,2,1,396666666.67
3,2,2,398933333.33
3,2,3,401200000.0
3,2,4,403466666.67
3,2,5,405733333.33
3,2,6,408000000.0
3,2,7,410266666.67
3,2,8,412533333.33
3,2,9,414800000.0
3,2,10,417066666.67
3,2,11,419333333.33
3,2,12,421600000.0
3,2,13,423866666.67
3,2,14,426133333.33
3,2,15,428400000.0
3,2,16,430666666.67
3,2,17,432933333.33
3,2,18,435200000.0
3,2,19,437466666.67
3,2,20,439733333.33
3,2,21,442000000.0
3,2,22,444266666.67
3,2,23,446533333.33
3,2,24,448800000.0
3,2,25,451066666.67
3,2,26,453333333.33
3,2,27,455600000.0
3,2,28,457866666.67
3,2,29,460133333.33
3,2,30,462400000.0
3,2,31,464666666.67
3,2,32,466933333.33
3,2,33,469200000.0
3,2,34,471466666.67
3,2,35,473733333.33
3,2,36,476000000.0
3,3,1,300000000.0
3,3,2,301714285.71
3,3,3,303428571.43
3,3,4,305142857.14
3,3,5,306857142.86
3,3,6,308571428.57
3,3,7,310285714.29
3,3,8,312000000.0
3,3,9,313714285.71
3,3,10,315428571.43
3,3,11,317142857.14
3,3,12,318857142.86
3,3,13,320571428.57
3,3,14,322285714.29
3,3,15,324000000.0
3,3,16,325714285.71
3,3,17,327428571.43
3,3,18,329142857.14
3,3,19,330857142.86
3,3,20,332571428.57
3,3,21,334285714.29
3,3,22,336000000.0
3,3,23,337714285.71
3,3,24,339428571.43
3,3,25,341142857.14
3,3,26,342857142.86
3,3,27,344571428.57
3,3,28,346285714.29
3,3,29,348000000.0
3,3,30,349714285.71
3,3,31,351428571.43
3,3,32,353142857.14
3,3,33,354857142.86
3,3,34,356571428.57
3,3,35,358285714.29
3,3,36,360000000.0
4,3,1,700000000.0
4,3,2,704000000.0
4,3,3,708000000.0
4,3,4,712000000.0
4,3,5,716000000.0
4,3,6,720000000.0
4,3,7,724000000.0
4,3,8,728000000.0
4,3,9,732000000.0
4,3,10,736000000.0
4,3,11,740000000.0
4,3,12,744000000.0
4,3,13,748000000.0
4,3,14,752000000.0
4,3,15,756000000.0
4,3,16,760000000.0
4,3,17,764000000.0
4,3,18,768000000.0
4,3,19,772000000.0
4,3,20,776000000.0
4,3,21,780000000.0
4,3,22,784000000.0
4,3,23,788000000.0
4,3,24,792000000.0
4,3,25,796000000.0
4,3,26,800000000.0
4,3,27,804000000.0
4,3,28,808000000.0
4,3,29,812000000.0
4,3,30,816000000.0
4,3,31,820000000.0
4,3,32,824000000.0
4,3,33,828000000.0
4,3,34,832000000.0
4,3,35,836000000.0
4,3,36,840000000.0
4,4,1,183333333.33
4,4,2,184380952.38
4,4,3,185428571.43
4,4,4,186476190.48
4,4,5,187523809.52
4,4,6,188571428.57
4,4,7,189619047.62
4,4,8,190666666.67
4,4,9,191714285.71
4,4,10,192761904.76
4,4,11,193809523.81
4,4,12,194857142.86
4,4,13,195904761.9
4,4,14,196952380.95
4,4,15,198000000.0
4,4,16,199047619.05
4,4,17,200095238.1
4,4,18,201142857.14
4,4,19,202190476.19
4,4,20,203238095.24
4,4,21,204285714.29
4,4,22,205333333.33
4,4,23,206380952.38
4,4,24,207428571.43
4,4,25,208476190.48
4,4,26,209523809.52
4,4,27,210571428.57
4,4,28,211619047.62
4,4,29,212666666.67
4,4,30,213714285.71
4,4,31,214761904.76
4,4,32,215809523.81
4,4,33,216857142.86
4,4,34,217904761.9
4,4,35,218952380.95
4,4,36,220000000.0
5,4,1,183333333.33
5,4,2,184380952.38
5,4,3,185428571.43
5,4,4,186476190.48
5,4,5,187523809.52
5,4,6,188571428.57
5,4,7,189619047.62
5,4,8,190666666.67
5,4,9,191714285.71
5,4,10,192761904.76
5,4,11,193809523.81
5,4,12,194857142.86
5,4,13,195904761.9
5,4,14,196952380.95
5,4,15,198000000.0
5,4,16,199047619.05
5,4,17,200095238.1
5,4,18,201142857.14
5,4,19,202190476.19
5,4,20,203238095.24
5,4,21,204285714.29
5,4,22,205333333.33
5,4,23,206380952.38
5,4,24,207428571.43
5,4,25,208476190.48
5,4,26,209523809.52
5,4,27,210571428.57
5,4,28,211619047.62
5,4,29,212666666.67
5,4,30,213714285.71
5,4,31,214761904.76
5,4,32,215809523.81
5,4,33,216857142.86
5,4,34,217904761.9
5,4,35,218952380.95
5,4,36,220000000.0
5,5,1,150000000.0
5,5,2,150857142.86
5,5,3,151714285.71
5,5,4,152571428.57
5,5,5,153428571.43
5,5,6,154285714.29
5,5,7,155142857.14
5,5,8,156000000.0
5,5,9,156857142.86
5,5,10,157714285.71
5,5,11,158571428.57
5,5,12,159428571.43
5,5,13,160285714.29
5,5,14,161142857.14
5,5,15,162000000.0
5,5,16,162857142.86
5,5,17,163714285.71
5,5,18,164571428.57
5,5,19,165428571.43
5,5,20,166285714.29
5,5,21,167142857.14
5,5,22,168000000.0
5,5,23,168857142.86
5,5,24,169714285.71
5,5,25,170571428.57
5,5,26,171428571.43
5,5,27,172285714.29
5,5,28,173142857.14
5,5,29,174000000.0
5,5,30,174857142.86
5,5,31,175714285.71
5,5,32,176571428.57
5,5,33,177428571.43
5,5,34,178285714.29
5,5,35,179142857.14
5,5,36,180000000.0
6,5,1,150000000.0
6,5,2,150857142.86
6,5,3,151714285.71
6,5,4,152571428.57
6,5,5,153428571.43
6,5,6,154285714.29
6,5,7,155142857.14
6,5,8,156000000.0
6,5,9,156857142.86
6,5,10,157714285.71
6,5,11,158571428.57
6,5,12,159428571.43
6,5,13,160285714.29
6,5,14,161142857.14
6,5,15,162000000.0
6,5,16,162857142.86
6,5,17,163714285.71
6,5,18,164571428.57
6,5,19,165428571.43
6,5,20,166285714.29
6,5,21,167142857.14
6,5,22,168000000.0
6,5,23,168857142.86
6,5,24,169714285.71
6,5,25,170571428.57
6,5,26,171428571.43
6,5,27,172285714.29
6,5,28,173142857.14
6,5,29,174000000.0
6,5,30,174857142.86
6,5,31,175714285.71
6,5,32,176571428.57
6,5,33,177428571.43
6,5,34,178285714.29
6,5,35,179142857.14
6,5,36,180000000.0
